names,symbols,token_types,networks
TIHVTAK,EMTZS,HelloBEP20,Binance Smart Chain - Testnet
GCRCWDD,TVZBS,HelloBEP20,Binance Smart Chain
MOTIBCJ,AJCSN,HelloBEP20,Binance Smart Chain - Testnet
BUYCGWJ,BCVHA,HelloBEP20,Binance Smart Chain
BCKJNBD,LBOFD,HelloBEP20,Binance Smart Chain
NFVNSCU,JHHMJ,HelloBEP20,Binance Smart Chain - Testnet
FUFXWIZ,BPAQU,HelloBEP20,Binance Smart Chain - Testnet
SVAEMKJ,UOFAJ,HelloBEP20,Binance Smart Chain
EGKZCJF,VMXYI,HelloBEP20,Binance Smart Chain
DGYHZVO,TZBDO,HelloBEP20,Binance Smart Chain
ADYQFHA,NBMQU,HelloBEP20,Binance Smart Chain
RTYMJRC,GNCMD,HelloBEP20,Binance Smart Chain
HVYYSXV,TOXSJ,HelloBEP20,Binance Smart Chain - Testnet
ZDQYPQJ,ZLPBI,HelloBEP20,Binance Smart Chain
IULKARF,BNZVD,HelloBEP20,Binance Smart Chain
RUPLXDN,SAKWH,HelloBEP20,Binance Smart Chain - Testnet
LPFMTUW,TRLCC,HelloBEP20,Binance Smart Chain - Testnet
FILVDLF,IVUWI,HelloBEP20,Binance Smart Chain - Testnet
FXDCNPI,YUEJT,HelloBEP20,Binance Smart Chain
FNEXNNR,DUTGW,HelloBEP20,Binance Smart Chain
IRCELLZ,EHUVE,HelloBEP20,Binance Smart Chain - Testnet
WEDQTDI,JVYGY,HelloBEP20,Binance Smart Chain - Testnet
NVNSEXJ,ZMMKF,HelloBEP20,Binance Smart Chain
BCEOQGR,YOBXZ,HelloBEP20,Binance Smart Chain - Testnet
PNTPWQA,WMWRJ,HelloBEP20,Binance Smart Chain - Testnet
TXDTCDC,VNZBS,HelloBEP20,Binance Smart Chain - Testnet
LYLRUJB,NBCNF,HelloBEP20,Binance Smart Chain - Testnet
XIRRGAJ,GJWEX,HelloBEP20,Binance Smart Chain - Testnet
CRJGZZU,TTSZG,HelloBEP20,Binance Smart Chain
CCPXWBS,MOXOA,HelloBEP20,Binance Smart Chain - Testnet
ISRIDQA,JYRVO,HelloBEP20,Binance Smart Chain
EUCCRCB,DDXHX,HelloBEP20,Binance Smart Chain - Testnet
CHQTEKX,MUEBX,HelloBEP20,Binance Smart Chain - Testnet
ENSUKJX,IUNIB,HelloBEP20,Binance Smart Chain
ZFEUTVA,NEPAV,HelloBEP20,Binance Smart Chain
BTFARQJ,SPNRC,HelloBEP20,Binance Smart Chain
VPUZCAD,KJUPM,HelloBEP20,Binance Smart Chain - Testnet
ERIHRWQ,ZKUXY,HelloBEP20,Binance Smart Chain - Testnet
WJGENBI,RMBRE,HelloBEP20,Binance Smart Chain - Testnet
BBEMTEH,YVAUB,HelloBEP20,Binance Smart Chain - Testnet
EJAXBAH,EOITN,HelloBEP20,Binance Smart Chain - Testnet
YSCLWTR,DWMGJ,HelloBEP20,Binance Smart Chain - Testnet
BJCSIVL,TTCSO,HelloBEP20,Binance Smart Chain
GXAADOT,MOJRB,HelloBEP20,Binance Smart Chain
FKAONWN,CZLNK,HelloBEP20,Binance Smart Chain
ZBXWPCQ,DDMQP,HelloBEP20,Binance Smart Chain
CJUJAEO,EGZGU,HelloBEP20,Binance Smart Chain - Testnet
WHALCPZ,TMOBV,HelloBEP20,Binance Smart Chain - Testnet
QTZCFCP,LSPAR,HelloBEP20,Binance Smart Chain
SMDPFAM,WTNID,HelloBEP20,Binance Smart Chain
IKABJPZ,UGQXX,HelloBEP20,Binance Smart Chain
FWTTHER,AUIWG,HelloBEP20,Binance Smart Chain - Testnet
ICEOXOF,JOEPX,HelloBEP20,Binance Smart Chain
DLVZJPE,GYBEM,HelloBEP20,Binance Smart Chain - Testnet
KHRIDTX,EFZIY,HelloBEP20,Binance Smart Chain - Testnet
QMMGQTP,BZLYZ,HelloBEP20,Binance Smart Chain
BLABBHL,JPCMT,HelloBEP20,Binance Smart Chain
MOVYJEL,QGGDW,HelloBEP20,Binance Smart Chain - Testnet
TTCPCTK,QFJNG,HelloBEP20,Binance Smart Chain - Testnet
DQXEIJR,SFWRY,HelloBEP20,Binance Smart Chain - Testnet
EKFGIVD,KOANR,HelloBEP20,Binance Smart Chain
BNZNHPJ,CMOWQ,HelloBEP20,Binance Smart Chain - Testnet
AZVGTQP,XGHRA,HelloBEP20,Binance Smart Chain - Testnet
MLAFROR,QVJXX,HelloBEP20,Binance Smart Chain
VCYQQCS,OSBEI,HelloBEP20,Binance Smart Chain
TAOTGEB,SQDHR,HelloBEP20,Binance Smart Chain
OUYJNXS,SHUDB,HelloBEP20,Binance Smart Chain
RWCQRAX,EPDVC,HelloBEP20,Binance Smart Chain
VOSFPBG,YLKUD,HelloBEP20,Binance Smart Chain
SKIQJRM,SJSPB,HelloBEP20,Binance Smart Chain - Testnet
UNJHGSF,QCANF,HelloBEP20,Binance Smart Chain
SLBQHZE,HDJFH,HelloBEP20,Binance Smart Chain - Testnet
RYMMFAT,ONOGO,HelloBEP20,Binance Smart Chain - Testnet
HZFFGUW,RINEH,HelloBEP20,Binance Smart Chain
VUKTRDA,TABZO,HelloBEP20,Binance Smart Chain
PXVCKGK,BQCXD,HelloBEP20,Binance Smart Chain - Testnet
BHJVHJI,BGACJ,HelloBEP20,Binance Smart Chain
DBGOKJO,HGWQY,HelloBEP20,Binance Smart Chain - Testnet
XCQAZZR,LGTFH,HelloBEP20,Binance Smart Chain
RXMZMJQ,STUIR,HelloBEP20,Binance Smart Chain - Testnet
TNSSUGN,RABDD,HelloBEP20,Binance Smart Chain
KMEMQHH,LLQPC,HelloBEP20,Binance Smart Chain - Testnet
GDMJXQM,DMOWM,HelloBEP20,Binance Smart Chain
NEYZEEX,EMVXE,HelloBEP20,Binance Smart Chain
VQSNAFT,QBPOP,HelloBEP20,Binance Smart Chain - Testnet
XBJZOZF,SJKAM,HelloBEP20,Binance Smart Chain - Testnet
WYDOIPI,PUNKU,HelloBEP20,Binance Smart Chain
PJGIAFA,GVXYV,HelloBEP20,Binance Smart Chain
EOPHXJU,IHIKI,HelloBEP20,Binance Smart Chain - Testnet
XLULGSS,ROPQB,HelloBEP20,Binance Smart Chain - Testnet
YCJXEXK,HVVSY,HelloBEP20,Binance Smart Chain
TLNTOUB,BIVNN,HelloBEP20,Binance Smart Chain - Testnet
TNEBSLO,ERVCQ,HelloBEP20,Binance Smart Chain
QJVSSYU,ASSHA,HelloBEP20,Binance Smart Chain
KYWMYUN,RQXVQ,HelloBEP20,Binance Smart Chain - Testnet
JKMDSOE,DOJRC,HelloBEP20,Binance Smart Chain - Testnet
RGQUHHU,KBVJO,HelloBEP20,Binance Smart Chain - Testnet
VRZHHIX,GFJYI,HelloBEP20,Binance Smart Chain
IUFCXTW,BRKFM,HelloBEP20,Binance Smart Chain
UKIZJGC,NNSRS,HelloBEP20,Binance Smart Chain - Testnet
